video_id, title,url, is_japanese_caption, has_checked_caption
ZYwNBmjpEXI,ROBLOX's $30 Billion Dollar Bet! - Why You Should Care About ROBLOX Going Public -  Extra Credits,https://www.youtube.com/watch?v=ZYwNBmjpEXI,false,true,
KtHrOKoMdtE,Character Creators & Cyberpunk - Player Freedom in Expression - Extra Credits,https://www.youtube.com/watch?v=KtHrOKoMdtE,false,true,
suhANDk1h40,The Four Types of Video Game Designers - Game Design Specializations - Extra Credits,https://www.youtube.com/watch?v=suhANDk1h40,false,true,
NTMg-zN5zBE,Because Games Matter - Jane the Concussion Slayer - Extra Credits,https://www.youtube.com/watch?v=NTMg-zN5zBE,false,true,
iTt--TKPrjU,Because Games Matter - Abraham's Story - Extra Credits,https://www.youtube.com/watch?v=iTt--TKPrjU,false,true,
6cWfgJ3lnus,The Pull of Half Life - Guns & Gravity - Extra Credits,https://www.youtube.com/watch?v=6cWfgJ3lnus,false,true,
HjW75vw6bgc,Schrodinger's Coin - Quantum Multiverse Theory in Bioshock Infinite - Extra Credits,https://www.youtube.com/watch?v=HjW75vw6bgc,false,true,
iXdiJNVejG8,Destiny The Traveler & How to Fix Planets - The Science of Destiny - Extra Credits,https://www.youtube.com/watch?v=iXdiJNVejG8,false,true,
UpD2OXdaHFU,Was GLaDOS Wrong About Science? - Momentum & Physics in Portal - Extra Credits,https://www.youtube.com/watch?v=UpD2OXdaHFU,false,true,
pN7FtMsVUYE,Game Jam Showcase #6 - Take Care - Extra Credits,https://www.youtube.com/watch?v=pN7FtMsVUYE,false,true,
NUwstRP3aK8,Finding Your Favorite Game - Game Discovery in a Crowded Market - Extra Credits,https://www.youtube.com/watch?v=NUwstRP3aK8,false,true,
5UNJ9XfPrWI,Why You Should Care About CDA 230 - Platform Responsibility & Free Speech - Extra Credits,https://www.youtube.com/watch?v=5UNJ9XfPrWI,false,true,
mQNWgZQ1sOw,The Bystander Effect - Standing Up From the Crowd - Extra Credits,https://www.youtube.com/watch?v=mQNWgZQ1sOw,false,true,
7z6LKsccEQ4,The Keys to Game Management - Management Culture Around the World - Extra Credits,https://www.youtube.com/watch?v=7z6LKsccEQ4,false,true,
SO86rW0Qzyg,Extra Credits Game Jam 2020 Announcement,https://www.youtube.com/watch?v=SO86rW0Qzyg,false,true,
clvJFztk9wI,When a Game is Too Long - Respecting the Player's Time - Extra Credits,https://www.youtube.com/watch?v=clvJFztk9wI,false,true,
6oz6B98_ias,Shark Attack! Thursday at Noon -  Variable Ratio & Interval Schedules - Extra Credits,https://www.youtube.com/watch?v=6oz6B98_ias,false,true,
SQFETEdYwug,Likeness & Lawsuits - Including Real World People & Brands in Your Game - Extra Credits,https://www.youtube.com/watch?v=SQFETEdYwug,false,true,
AIAvng-5Qd0,The Trolley Problem - Designs With No Right Answer - Extra Credits,https://www.youtube.com/watch?v=AIAvng-5Qd0,false,true,
dYOSsbjjVmM,Distant Socializing - Gaming in the Time of COVID - Extra Credits,https://www.youtube.com/watch?v=dYOSsbjjVmM,false,true,
ZnjCNbjSNdA,Optimal vs Fun - Designing for Different Playstyles - Extra Credits,https://www.youtube.com/watch?v=ZnjCNbjSNdA,false,true,
GiYM6AS3PyE,Saving the World with Games - Citizen Science and More - Extra Credits,https://www.youtube.com/watch?v=GiYM6AS3PyE,false,true,
sFp1lgdzYks,The Science of Mass Effect - Dark Energy and Worm Holes - Extra Credits,https://www.youtube.com/watch?v=sFp1lgdzYks,false,true,
pq8dwfvHluc,Gamification Sucks... - How to Improve Gamification - Extra Credits,https://www.youtube.com/watch?v=pq8dwfvHluc,false,true,
A5zXDDMqhcw,Asset Reuse - Working Smarter Not Harder - Extra Credits,https://www.youtube.com/watch?v=A5zXDDMqhcw,false,true,
cGJ5SlIfEqc,Review Bombing - Making Your Voice Heard - Extra Credits,https://www.youtube.com/watch?v=cGJ5SlIfEqc,false,true,
AMImXQWqnPY,Do You Own Your Games? - Retrogaming Responsibly - Extra Credits,https://www.youtube.com/watch?v=AMImXQWqnPY,false,true,
twg_URD1f_Y,3D NPCs Please - Adding Depth to Character - Extra Credits,https://www.youtube.com/watch?v=twg_URD1f_Y,false,true,
2_9mQOyfE5o,Extra Credits Updates! New Schedule & New Patreon,https://www.youtube.com/watch?v=2_9mQOyfE5o,false,true,
p9xzC06IbaA,Introverts and the Industry - Building Better Spaces - Extra Credits,https://www.youtube.com/watch?v=p9xzC06IbaA,false,true,
kWJ6DwqRW8U,Playing the Villain - Being Good at Being Bad - Extra Credits,https://www.youtube.com/watch?v=kWJ6DwqRW8U,false,true,
K5R_XBB_58A,Should You Play the Classics? - Why Game History Matters - Extra Credits,https://www.youtube.com/watch?v=K5R_XBB_58A,false,true,
4NqY6lEXHNA,Escort Missions - Dragging Dead Weight - Extra Credits,https://www.youtube.com/watch?v=4NqY6lEXHNA,false,true,
qrZ54Rv2ndc,Because Games Matter - Jacob's Story - Extra Credits,https://www.youtube.com/watch?v=qrZ54Rv2ndc,false,true,
tPMkgb3kMws,Because Games Matter - Victoria's Story - Extra Credits,https://www.youtube.com/watch?v=tPMkgb3kMws,false,true,
zQWTpzhywpc,Because Games Matter - J.J.'s Story - Extra Credits,https://www.youtube.com/watch?v=zQWTpzhywpc,false,true,
PMcRooza_2M,Imposter Syndrome - Fake It Till You Make It - Extra Credits,https://www.youtube.com/watch?v=PMcRooza_2M,false,true,
Ali8mmMVWEc,Loading Screens - The Waiting Game - Extra Credits,https://www.youtube.com/watch?v=Ali8mmMVWEc,false,true,
ArD_FZp35zY,Credits are not Extra - Why Game Credits Matter - Extra Credits,https://www.youtube.com/watch?v=ArD_FZp35zY,false,true,
i_maWKR7Ivs,Get Hired: Portfolio Design - How to Build a Portfolio - Extra Credits,https://www.youtube.com/watch?v=i_maWKR7Ivs,false,true,
82uXdaqweqQ,Game Jam Showcase #5 - Passage - Extra Credits,https://www.youtube.com/watch?v=82uXdaqweqQ,false,true,
t8aS_ndLBzU,The Perfect Horror Protagonist - Writing a Character for Fun & Terror - Extra Credits,https://www.youtube.com/watch?v=t8aS_ndLBzU,false,true,
d5At3bTi04M,Reciprocity in RPGs - How to Share the Spotlight - Extra Credits,https://www.youtube.com/watch?v=d5At3bTi04M,false,true,
ROEdggVLKSk,Did Level Scaling Break Games? - Leveling in Open World Design - Extra Credits,https://www.youtube.com/watch?v=ROEdggVLKSk,false,true,
oMhs44dtAZU,The Kobayashi Maru - No-Win Scenarios in Games - Extra Credits,https://www.youtube.com/watch?v=oMhs44dtAZU,false,true,
nCqH5VFggpM,User Generated Content - The Upsides and Pitfalls to Level Editors - Extra Credits,https://www.youtube.com/watch?v=nCqH5VFggpM,false,true,
mGL5YGcAxEI,The Real Core Loop - What Every Game Has In Common - Extra Credits,https://www.youtube.com/watch?v=mGL5YGcAxEI,false,true,
hq654kyKg3Q,A Rebuilding Year - Navigating the Ups and Downs of Creative Careers - Extra Credits,https://www.youtube.com/watch?v=hq654kyKg3Q,false,true,
2XzabIWEarI,Content Curation - Why Digital Game Stores Are So Selective - Extra Credits,https://www.youtube.com/watch?v=2XzabIWEarI,false,true,
K5TRstDfQDg,The Prisoner's Dilemma - The Game Theory of Decision-Making - Extra Credits,https://www.youtube.com/watch?v=K5TRstDfQDg,false,true,
8Z8N9nTizW8,Learning to Play Magic #5 - The Psychology of Magic: The Gathering - Extra Credits,https://www.youtube.com/watch?v=8Z8N9nTizW8,false,true,
-auyB19Mc6U,Diegetic UI - Realistic or Distracting? - Extra Credits,https://www.youtube.com/watch?v=-auyB19Mc6U,false,true,
LAubRYh3OAY,Learning to Play Magic #4 - Building a Deck - Extra Credits,https://www.youtube.com/watch?v=LAubRYh3OAY,false,true,
jSaolbtcXTw,Game Jam #4 Showcase - Theme: Connect - Extra Credits,https://www.youtube.com/watch?v=jSaolbtcXTw,false,true,
c-2lnnKz5J8,Mixed Success - Winning and Losing in Tabletop Roleplaying Games - Extra Credits,https://www.youtube.com/watch?v=c-2lnnKz5J8,false,true,
TuMWC26z6Vs,Learning to Play Magic #3 - The Stack - Extra Credits,https://www.youtube.com/watch?v=TuMWC26z6Vs,false,true,
nEabUWmJZUs,Learning to Play Magic #2 - What's in a Color? - Extra Credits,https://www.youtube.com/watch?v=nEabUWmJZUs,false,true,
fotqJhwgoCA,In Defense of Imagination - When to NOT Tell the Whole Story to Players - Extra Credits,https://www.youtube.com/watch?v=fotqJhwgoCA,false,true,
81kmeSSjzCs,Learning to Play Magic #1 - Core Concepts - Extra Credits,https://www.youtube.com/watch?v=81kmeSSjzCs,false,true,
-GHTsVzQZ94,Letters to My Nephews #4 - Playing for the Long Game - Extra Credits,https://www.youtube.com/watch?v=-GHTsVzQZ94,false,true,
R4uXnVXcI70,Magic - Why We Play - Extra Credits,https://www.youtube.com/watch?v=R4uXnVXcI70,false,true,
KHPZ4Wa4UzY,The Disappointing Final Level - Making Better Endings For Better Games - Extra Credits,https://www.youtube.com/watch?v=KHPZ4Wa4UzY,false,true,
UCj8llyzfWo,Stop Normalizing Nazis - Socially Conscious Game Design - Extra Credits,https://www.youtube.com/watch?v=UCj8llyzfWo,false,true,
sELpk0khx74,Bleed - Exploring Psychological Transference in Games - Extra Credits,https://www.youtube.com/watch?v=sELpk0khx74,false,true,
BVSgVAoUm8s,Save Scumming - The Game Design of Save Systems - Extra Credits,https://www.youtube.com/watch?v=BVSgVAoUm8s,false,true,
Liq62RmZBaw,The History of Roguelike Deckbuilders - From Playing Cards to CCGs and Beyond - Extra Credits,https://www.youtube.com/watch?v=Liq62RmZBaw,false,true,
sSLMjJJgFyg,Sticking to Your Guns - How the Doom and Dragon Quest Franchises Modernized - Extra Credits,https://www.youtube.com/watch?v=sSLMjJJgFyg,false,true,
mRDp6cCwcm0,The Kuleshov Effect - Improving Character Interactions in Games - Extra Credits,https://www.youtube.com/watch?v=mRDp6cCwcm0,false,true,
syXYISF82k8,Comfortable Play - Respecting Boundaries in Tabletop RPGs - Extra Credits,https://www.youtube.com/watch?v=syXYISF82k8,false,true,
PvRotAvB3zg,Game Celebrities - The Role of Game Devs in Pop Culture - Extra Credits,https://www.youtube.com/watch?v=PvRotAvB3zg,false,true,
x66MaadENNQ,Games You Might Not Have Tried #21 - Game Jam Cycles Edition! - Extra Credits,https://www.youtube.com/watch?v=x66MaadENNQ,false,true,
hht0MtPZ_Ng,Mental Health in Games - How We Can Do Better - Extra Credits,https://www.youtube.com/watch?v=hht0MtPZ_Ng,false,true,
L5NfbpLmMHI,Technical Debt - Improving the Production Pipeline - Extra Credits,https://www.youtube.com/watch?v=L5NfbpLmMHI,false,true,
Izk-e0WrjP0,Using Narrative as Context - Balancing Gameplay and Story Elements - Extra Credits,https://www.youtube.com/watch?v=Izk-e0WrjP0,false,true,
HU9V99Snpug,Google Stadia - Is Cloud Gaming For Real? - Extra Credits,https://www.youtube.com/watch?v=HU9V99Snpug,false,true,
P91a5VCEbt8,Games You Might Not Have Tried #20 - April 1st Edition! - Extra Credits,https://www.youtube.com/watch?v=P91a5VCEbt8,false,true,
vcvK1oUszsA,RPG Character Sheets - Designing Gameplay Around Character Customization - Extra Credits,https://www.youtube.com/watch?v=vcvK1oUszsA,false,true,
qhj9hnRVPSU,The Importance of Not Playing Games - A Balanced Game Design Education - Extra Credits,https://www.youtube.com/watch?v=qhj9hnRVPSU,false,true,
f5I6uo39ujQ,Mechanics Shaping Story - Re-examining the Core Gameplay Loop - Extra Credits,https://www.youtube.com/watch?v=f5I6uo39ujQ,false,true,
DiizE4cNEAI,Where Do Your Fortnite Dollars Really Go? - The Origin Story of Tim Sweeney - Extra Credits,https://www.youtube.com/watch?v=DiizE4cNEAI,false,true,
KH6yL-exWUM,Games You Might Not Have Tried #19 - Tabletop You Might Not Have Tried - Extra Credits,https://www.youtube.com/watch?v=KH6yL-exWUM,false,true,
h_bDkMRTAjw,The Mechanics of Character Design - Analyzing the Design of Marvel Puzzle Quest - Extra Credits,https://www.youtube.com/watch?v=h_bDkMRTAjw,false,true,
ERepKk7dZSc,Destiny vs. Warframe - $500 Million in Free Marketing - Extra Credits,https://www.youtube.com/watch?v=ERepKk7dZSc,false,true,
6kYz4MnGbw0,The Meaning of Bandersnatch - The Philosophy of Free Will - Extra Credits,https://www.youtube.com/watch?v=6kYz4MnGbw0,false,true,
Gs8lQFh7Ghk,Games You Might Not Have Tried #18 - Game Jam Edition! - Extra Credits,https://www.youtube.com/watch?v=Gs8lQFh7Ghk,false,true,
5vecHJW-tFs,Too Soon?!? - The Challenges of Early Builds and Game Demos - Extra Credits,https://www.youtube.com/watch?v=5vecHJW-tFs,false,true,
27U0O3Eeo1I,Watch Extra Credits - Because Learning Matters,https://www.youtube.com/watch?v=27U0O3Eeo1I,false,true,
hmEa-YAcFk8,The Catharsis of Doing - Designing Emotionally Intense Experiences - Extra Credits,https://www.youtube.com/watch?v=hmEa-YAcFk8,false,true,
0mCdd-6Bxo4,Overwatch and Informational Audio - Sound Design in Games - Extra Credits,https://www.youtube.com/watch?v=0mCdd-6Bxo4,false,true,
NZsAWciOS4w,Because Games Matter - A Teachable Moment: Kingdom Hearts in the Classroom - Extra Credits,https://www.youtube.com/watch?v=NZsAWciOS4w,false,true,
i_1Xiw6Rwvc,Because Games Matter - MJ's Story: How Games Brought a Family Together - Extra Credits,https://www.youtube.com/watch?v=i_1Xiw6Rwvc,false,true,
HU7lCCmOdgk,Episode 400! - Celebration - Extra Credits,https://www.youtube.com/watch?v=HU7lCCmOdgk,false,true,
a3aDd1NkMps,Games You Might Not Have Tried #17 - New Games to Learn From! - Extra Credits,https://www.youtube.com/watch?v=a3aDd1NkMps,false,true,
6muZ3m0h2No,The GDPR - What It Means For You! (Developers AND Players!) - Extra Credits,https://www.youtube.com/watch?v=6muZ3m0h2No,false,true,
hFdEEzgc7pg,Tutorials That Don't Talk Down To You - Context Sensitive Design - Extra Credits,https://www.youtube.com/watch?v=hFdEEzgc7pg,false,true,
ouMnZlJcVik,Building Streaming Into Your Game - Designing Games for Observers - Extra Credits,https://www.youtube.com/watch?v=ouMnZlJcVik,false,true,
SRfu03t2oIY,Games You Might Not Have Tried #16 - Spooky Scary Game Recommendations - Extra Credits,https://www.youtube.com/watch?v=SRfu03t2oIY,false,true,
x1TnXzMWK_4,Achieving Vicarity - Creating Livable Fiction - Extra Credits,https://www.youtube.com/watch?v=x1TnXzMWK_4,false,true,
-fWX6v0NTvI,The New Player Experience - Hooks Tutorials Rewards - Extra Credits,https://www.youtube.com/watch?v=-fWX6v0NTvI,false,true,
sCA5oAeAIq8,Aspirational Play - Adding a Sense of Wonder to Game Design - Extra Credits,https://www.youtube.com/watch?v=sCA5oAeAIq8,false,true,
YNhP5b9YafM,World of Warcraft Epidemiology - The Corrupted Blood Plague (And Why It Matters) - Extra Credits,https://www.youtube.com/watch?v=YNhP5b9YafM,false,true,
n-5gb0sVK7o,The Joy of Losing - Learning to Have Fun Playing Games - Extra Credits,https://www.youtube.com/watch?v=n-5gb0sVK7o,false,true,
5TKUJL1PR6M,Games You Might Not Have Tried #15 - September 2018 Edition - Extra Credits,https://www.youtube.com/watch?v=5TKUJL1PR6M,false,true,
oEDVDhOYJ2I,How Games Challenge Us - Empathy and Intuition in Puzzle Design - Extra Credits,https://www.youtube.com/watch?v=oEDVDhOYJ2I,true,true,
c1qdyszaeTU,Gestalt - The Parts and the Whole - Extra Credits,https://www.youtube.com/watch?v=c1qdyszaeTU,false,true,
z4fWg9EHo5k,Steam: What Sells - What Steam's Player Numbers Tell Us About Game Genres - Extra Credits,https://www.youtube.com/watch?v=z4fWg9EHo5k,false,true,
0VtTMluhSmk,Don't Just Hire Your Fans - Creating a Good Design Team - Extra Credits,https://www.youtube.com/watch?v=0VtTMluhSmk,false,true,
K3FYGsRvKsc,Game Therapy - How Can Games Improve Mental Health? - Extra Credits,https://www.youtube.com/watch?v=K3FYGsRvKsc,false,true,
5DuDambEIMU,Ma The Space Between - Uncluttered Game Design - Extra Credits,https://www.youtube.com/watch?v=5DuDambEIMU,false,true,
ry2xz5yYZwY,The Price of Randomness - Balancing RNG - Extra Credits,https://www.youtube.com/watch?v=ry2xz5yYZwY,false,true,
wNNXdoj7cCQ,The Three Pillars of Game Writing - Plot Character Lore - Extra Credits,https://www.youtube.com/watch?v=wNNXdoj7cCQ,false,true,
1Rr_rPDlje4,College E-Sports - Road to Glory? - Extra Credits,https://www.youtube.com/watch?v=1Rr_rPDlje4,false,true,
NxX9sGhsbks,The Content Conundrum - Why So Many Games Feel Generic - Extra Credits,https://www.youtube.com/watch?v=NxX9sGhsbks,false,true,
xFR4BUGjsRw,Games You Might Not Have Tried #14 - Mechs Monsters and More! - Extra Credits,https://www.youtube.com/watch?v=xFR4BUGjsRw,false,true,
OcPCYswIe2M,Ladders and Team Games - Doing it Wrong - Extra Credits,https://www.youtube.com/watch?v=OcPCYswIe2M,false,true,
ywvTIM_eOVI,Blockchain Games - Can Blockchain Technology be a Game Mechanic? - Extra Credits,https://www.youtube.com/watch?v=ywvTIM_eOVI,false,true,
_2LKrwiGFFs,Choice Paralysis - Too Much of a Good Thing - Extra Credits,https://www.youtube.com/watch?v=_2LKrwiGFFs,false,true,
hp1DgRCEBDA,The Digital Museum - Assassin’s Creed Origins Discovery Tour - Extra Credits,https://www.youtube.com/watch?v=hp1DgRCEBDA,false,true,
42OkO9gQoQA,Wolfenstein vs Call of Duty - The Need for “B” Games - Extra Credits,https://www.youtube.com/watch?v=42OkO9gQoQA,false,true,
NWZLB8CyPbM,Unpleasant Design - When Bad Design is Used to Hide Problems - Extra Credits,https://www.youtube.com/watch?v=NWZLB8CyPbM,false,true,
I4pnzwt29HM,Impractical Research - How Academia Can Make Better Games - Extra Credits,https://www.youtube.com/watch?v=I4pnzwt29HM,false,true,
A_e_qu9ghHk,Break Points - Balancing the Math with the User Experience - Extra Credits,https://www.youtube.com/watch?v=A_e_qu9ghHk,false,true,
rxC0iIdkO6o,NieR: Automata - Sacrifice and the Meaning of Kindness - Extra Credits,https://www.youtube.com/watch?v=rxC0iIdkO6o,false,true,
26ZX7NbOhks,The Legality of Loot Boxes - Designing Ethical Lootboxes: II - Extra Credits,https://www.youtube.com/watch?v=26ZX7NbOhks,false,true,
-Uha5c7hJdA,The Loot Box Question - Designing Ethical Lootboxes: I - Extra Credits,https://www.youtube.com/watch?v=-Uha5c7hJdA,false,true,
ypZZTIOR__Q,Why Do Games Cost So Much To Make? - AAA Game Budgets - Extra Credits,https://www.youtube.com/watch?v=ypZZTIOR__Q,false,true,
VhWGQCzAtl8,Games Should Not Cost $60 Anymore - Inflation Microtransactions and Publishing - Extra Credits,https://www.youtube.com/watch?v=VhWGQCzAtl8,false,true,
ntpZt8eAvy0,So You Want To Be in QA - The Test Chamber - Extra Credits,https://www.youtube.com/watch?v=ntpZt8eAvy0,false,true,
sLXLlJ7FhJU,Hidden Game Mechanics: Design for the Human Psyche - Extra Credits,https://www.youtube.com/watch?v=sLXLlJ7FhJU,false,true,
MvXuAXSC82w,DayZ - Tragedy of the Commons: The Game - Extra Credits,https://www.youtube.com/watch?v=MvXuAXSC82w,false,true,
fuEy0Y4xoT4,Losing Player Trust - The Data Dilemma - Extra Credits,https://www.youtube.com/watch?v=fuEy0Y4xoT4,false,true,
BtY3Lto_lR4,The Warhammer License (Again) - Did Games Workshop's Gamble Work? - Extra Credits,https://www.youtube.com/watch?v=BtY3Lto_lR4,false,true,
7GdawHkiZdE,Big Huge Charity - Giving in the Games Industry - Extra Credits,https://www.youtube.com/watch?v=7GdawHkiZdE,false,true,
grZ5jjoQ7EA,A Eulogy for Quintet - Melancholy and Wonder - Extra Credits,https://www.youtube.com/watch?v=grZ5jjoQ7EA,false,true,
ORImxKInnc4,Games You Might Not Have Tried #13 - Find New Games - Extra Credits,https://www.youtube.com/watch?v=ORImxKInnc4,false,true,
uz9CqEgaIlo,The Pacing of PUBG - The Thriller Tension of Battlegrounds - Extra Credits,https://www.youtube.com/watch?v=uz9CqEgaIlo,false,true,
_JLQQVrSkKc,Games You Might Not Have Tried: Horror - Find New Games for Halloween - Extra Credits,https://www.youtube.com/watch?v=_JLQQVrSkKc,false,true,
S8ma4QM2tyE,One More Level - The Arbitrary Endpoint Trap - Extra Credits,https://www.youtube.com/watch?v=S8ma4QM2tyE,false,true,
Z3QsCy4ekWk,Prey - The Enemy Inside - Extra Credits,https://www.youtube.com/watch?v=Z3QsCy4ekWk,false,true,
gErFdHiTBRw,The Problem with Power Fantasies - We're Not Always Right - Extra Credits,https://www.youtube.com/watch?v=gErFdHiTBRw,false,true,
Xi3yZCj-3Oc,The Anchoring Effect - Why Review Scores Matter - Extra Credits,https://www.youtube.com/watch?v=Xi3yZCj-3Oc,false,true,
PJoax1Z1x4Y,Accessibility - The Curb Cut Effect - Extra Credits,https://www.youtube.com/watch?v=PJoax1Z1x4Y,true,true,
28nUYFoCQwQ,Keep Cutting - Sunk Cost Fallacy and Game Development - Extra Credits,https://www.youtube.com/watch?v=28nUYFoCQwQ,false,true,
1FBGR6vmNeU,Game AI - Funtelligence - Extra Credits,https://www.youtube.com/watch?v=1FBGR6vmNeU,false,true,
l_H9JR7ud8E,Marginal Mechanics and Red Herrings - Why So Weak? - Extra Credits,https://www.youtube.com/watch?v=l_H9JR7ud8E,false,true,
ZW6U_wPdSJA,Peace Games - Gaming for a Better Future - Extra Credits,https://www.youtube.com/watch?v=ZW6U_wPdSJA,false,true,
c06uoVVFZd4,How Games Speak - Learn the Language of Design - Extra Credits,https://www.youtube.com/watch?v=c06uoVVFZd4,false,true,
spT2DVlefzA,Arts Funding - Helping Games that Help Us - Extra Credits,https://www.youtube.com/watch?v=spT2DVlefzA,false,true,
-2Js7ZeFLt8,Injustice 2: Trauma Survival - Harley Quinn's Greatest Fear - Extra Credits,https://www.youtube.com/watch?v=-2Js7ZeFLt8,false,true,
du4FBa2UjqU,One Million Subs - Thank YOU for Supporting Extra Credits!,https://www.youtube.com/watch?v=du4FBa2UjqU,false,true,
5VQGIuHesxo,Getting Started as a Game Journalist - Practice Prepare and Pitch - Extra Credits,https://www.youtube.com/watch?v=5VQGIuHesxo,false,true,
4a4EdAES0fk,Persona 5 and Jungian Psychology - Masks Major Arcana and Meaning - Extra Credits,https://www.youtube.com/watch?v=4a4EdAES0fk,false,true,
VAXj30kNwfo,Games You Might Not Have Tried #12 - Find New Console Games - Extra Credits,https://www.youtube.com/watch?v=VAXj30kNwfo,false,true,
FzdylKgPjNI,Perversion Subversion - Examining Hentai Sensibility - Extra Credits,https://www.youtube.com/watch?v=FzdylKgPjNI,false,true,
nJYs7YDcTms,The Legality of Using Your Data - Games of Tomorrow - Extra Credits,https://www.youtube.com/watch?v=nJYs7YDcTms,false,true,
mnhlDwCRwkU,Indie Advice - Fire Early - Extra Credits,https://www.youtube.com/watch?v=mnhlDwCRwkU,false,true,
s1_50T5GwZ8,Why Do We Ship Buggy Games? - A Look Behind the Scenes - Extra Credits,https://www.youtube.com/watch?v=s1_50T5GwZ8,false,true,
zsC37YyPHd0,Lifestyle Games - The Play's the Thing - Extra Credits,https://www.youtube.com/watch?v=zsC37YyPHd0,false,true,
9knimHTnrgc,Localize Everything - Finding Hardcore Fans Worldwide - Extra Credits,https://www.youtube.com/watch?v=9knimHTnrgc,false,true,
r9ExIKYZd6o,A Case for Cutscenes - Everything Old is New Again - Extra Credits,https://www.youtube.com/watch?v=r9ExIKYZd6o,false,true,
cQ9s0GiEAFU,Liminal Space - Incorporating Real Life into Games - Extra Credits,https://www.youtube.com/watch?v=cQ9s0GiEAFU,false,true,
U5HcNKyoMEo,The Auteur Myth - Lone Visionaries... and Their Teams - Extra Credits,https://www.youtube.com/watch?v=U5HcNKyoMEo,false,true,
XUcp2bNTwBg,The Stress of Game Development - Tips for Survival - Extra Credits,https://www.youtube.com/watch?v=XUcp2bNTwBg,false,true,
ryz_lA3Dn4c,Politics in Games - All Media is Political - Extra Credits,https://www.youtube.com/watch?v=ryz_lA3Dn4c,false,true,
MzZ2IphdFGw,Co-Pilot Mode - Better Together - Extra Credits,https://www.youtube.com/watch?v=MzZ2IphdFGw,true,true,
gbHizMGL3vc,De-Gamification - Flexibility to Play Your Way - Extra Credits,https://www.youtube.com/watch?v=gbHizMGL3vc,false,true,
qRGqeCvWLI0,TV You Might Not Have Tried - Check Out New Shows - Extra Credits,https://www.youtube.com/watch?v=qRGqeCvWLI0,false,true,
m4p7T9O_tqg,Non-Professional Game Dev - The Joy of Making - Extra Credits,https://www.youtube.com/watch?v=m4p7T9O_tqg,false,true,
OXjJu8eauHo,Advanced Game Literacy - Finding Meaning in Games - Extra Credits,https://www.youtube.com/watch?v=OXjJu8eauHo,false,true,
QNV2xtiBk5U,Basic Game Literacy - Why It's Hard to Learn How to Play - Extra Credits,https://www.youtube.com/watch?v=QNV2xtiBk5U,false,true,
mPD5dUBFsps,Intro to UX Design - User Experience and You - Extra Credits,https://www.youtube.com/watch?v=mPD5dUBFsps,false,true,
2xfxx27HbM4,Global Game Jam 2017: Keynote Address - Extra Credits,https://www.youtube.com/watch?v=2xfxx27HbM4,false,true,
4Ozi-S4QMZQ,Video Games and Gambling - When Does a Game Cross the Line? - Extra Credits,https://www.youtube.com/watch?v=4Ozi-S4QMZQ,false,true,
PJKTDz1zYzs,Strategic Uncertainty - Keeping Strategy Games Fresh - Extra Credits,https://www.youtube.com/watch?v=PJKTDz1zYzs,false,true,
569XsBCxkCE,Because Games Matter - How Video Games Saved My Life - Extra Credits,https://www.youtube.com/watch?v=569XsBCxkCE,false,true,
e_1vHXEG2L8,Because Games Matter - Light in the Dark (Souls) - Extra Credits,https://www.youtube.com/watch?v=e_1vHXEG2L8,false,true,
C6xz58O4xq8,Because Games Matter - A Better Vision - Extra Credits,https://www.youtube.com/watch?v=C6xz58O4xq8,false,true,
tL_bCwiUKNE,Accretion - Design by Landfill: A Longterm Strategy? - Extra Credits,https://www.youtube.com/watch?v=tL_bCwiUKNE,false,true,
sumZLwFXJqE,MMO Economies - Hyperinflation Reserve Currencies & You! - Extra Credits,https://www.youtube.com/watch?v=sumZLwFXJqE,false,true,
qGjaoVM2Hu8,Letter to My Nephews #3 - This Is Your Story - Extra Credits,https://www.youtube.com/watch?v=qGjaoVM2Hu8,false,true,
QY75xREFvD4,Games You Might Not Have Tried #11 - Find New Games - Extra Credits,https://www.youtube.com/watch?v=QY75xREFvD4,false,true,
DsgHmwnAIV4,The Most Fundamental Deceit - Horror and How Rationality Betrays Us - Extra Credits,https://www.youtube.com/watch?v=DsgHmwnAIV4,false,true,
NEpeGSFQ1tM,Overwatch and Asymmetric Character Design - The Challenge of Varied Playstyles - Extra Credits,https://www.youtube.com/watch?v=NEpeGSFQ1tM,false,true,
4DynhzEQtog,Overwatch and Asymmetric Level Design - What Makes the Maps Fun? - Extra Credits,https://www.youtube.com/watch?v=4DynhzEQtog,false,true,
BMYyO6Zd4b8,The PS4 Pro - Changing the Console Market - Extra Credits,https://www.youtube.com/watch?v=BMYyO6Zd4b8,false,true,
4Kk_JImecgs,Letters to My Nephews #2 - Learning to Learn - Extra Credits,https://www.youtube.com/watch?v=4Kk_JImecgs,false,true,
UDtlizfYPUM,Pokémon GO - Designing for Good - Extra Credits,https://www.youtube.com/watch?v=UDtlizfYPUM,false,true,
E_uxPnDB2qQ,Pokémon GO - Designing for the Real World - Extra Credits,https://www.youtube.com/watch?v=E_uxPnDB2qQ,false,true,
xxDz6RWncVM,Free-to-Play's MECHANICS are Great - The Mini-Game Revolution - Extra Credits,https://www.youtube.com/watch?v=xxDz6RWncVM,false,true,
94KwB205DDk,Improving on Pokemon GO - Making Better Augmented Reality Games - Extra Credits,https://www.youtube.com/watch?v=94KwB205DDk,false,true,
QKEzMz6FcXs,Understanding the Fantasy - How to Shape a Game's Design - Extra Credits,https://www.youtube.com/watch?v=QKEzMz6FcXs,false,true,
6F6xb3ucVck,Episode 300: Letters to My Nephews - Never Giving Up - Extra Credits,https://www.youtube.com/watch?v=6F6xb3ucVck,false,true,
xPzuOSv95fc,Remote Development - How to Work Effectively from Long Distance - Extra Credits,https://www.youtube.com/watch?v=xPzuOSv95fc,false,true,
fsDOFru9m14,Games You Might Not Have Tried #10 - Find New Games - Extra Credits,https://www.youtube.com/watch?v=fsDOFru9m14,false,true,
CDXRePrqkT4,Games You Might Not Have Tried #9 - Find New Games - Extra Credits,https://www.youtube.com/watch?v=CDXRePrqkT4,false,true,
UBzBJPBcJ8E,Classroom Metrics - Real World Case Study for Games in Schools - Extra Credits,https://www.youtube.com/watch?v=UBzBJPBcJ8E,false,true,
36ITttm6-KE,Revolution 1979 - How to Make a Documentary Game - Extra Credits,https://www.youtube.com/watch?v=36ITttm6-KE,false,true,
HqcLghafPXY,The Power of Incentives - How Games Help Us Examine Our World - Extra Credits,https://www.youtube.com/watch?v=HqcLghafPXY,false,true,
-H97gCCJFXA,Backtracking and Level Design - Making a Way Out - Extra Credits,https://www.youtube.com/watch?v=-H97gCCJFXA,false,true,
GOVrmfXolQg,The Warhammer 40k License - A Total Change of Strategy - Extra Credits,https://www.youtube.com/watch?v=GOVrmfXolQg,false,true,
_XQdPGV1AJU,The Copyright Dilemma - On Trademarks Copyrights and Patents - Extra Credits,https://www.youtube.com/watch?v=_XQdPGV1AJU,false,true,
wdDuoqGswaY,Legacy Play - Thoughts on the Vanilla WoW Server - Extra Credits,https://www.youtube.com/watch?v=wdDuoqGswaY,false,true,
b6Y6YNhyxOI,Integrating Academia - Experimenting for Better Games - Extra Credits,https://www.youtube.com/watch?v=b6Y6YNhyxOI,false,true,
zpp6spOs2EU,In Defense of Short Games - Worth Every Dollar - Extra Credits,https://www.youtube.com/watch?v=zpp6spOs2EU,false,true,
NQAKOdZw7F8,Enclothed Cognition - Do Character Outfits Affect Our Play? - Extra Credits,https://www.youtube.com/watch?v=NQAKOdZw7F8,false,true,
5pL4AzGBAsU,The Casual/Core Fallacy - Designing for Depth - Extra Credits,https://www.youtube.com/watch?v=5pL4AzGBAsU,false,true,
kNscZCrke4k,Educating Game Designers - Too Much Game at Game Schools - Extra Credits,https://www.youtube.com/watch?v=kNscZCrke4k,false,true,
4jKsj345Jjw,The Division - Problematic Meaning in Mechanics - Extra Credits,https://www.youtube.com/watch?v=4jKsj345Jjw,false,true,
dW-gw5fS6jw,The Importance of Local Multiplayer - Seeing Eye-to-Eye - Extra Credits,https://www.youtube.com/watch?v=dW-gw5fS6jw,false,true,
YQGaoj7jnBg,So You Want To Be an Animator - Building Your Career - Extra Credits,https://www.youtube.com/watch?v=YQGaoj7jnBg,false,true,
ENbisjiIbVc,Understanding the Witness - Mechanical Transference and You - Extra Credits,https://www.youtube.com/watch?v=ENbisjiIbVc,false,true,
aEIPfpxFrlg,What Does Tomorrow Look Like? - How We Envision the Future - Extra Credits,https://www.youtube.com/watch?v=aEIPfpxFrlg,false,true,
8np2I_gQgcY,Game Literacy: Games in Education - Should We Teach Game Basics? - Extra Credits,https://www.youtube.com/watch?v=8np2I_gQgcY,false,true,
pVKTiXdCDyQ,The Lottery - Why People Favor Worse Odds - Extra Credits,https://www.youtube.com/watch?v=pVKTiXdCDyQ,false,true,
Bgt0MhCWZmE,Games You Might Not Have Tried #8 - Find New Games - Extra Credits,https://www.youtube.com/watch?v=Bgt0MhCWZmE,false,true,
zQg9oJ7paS8,Why Aren't There Science Fiction Games? - The Philosophy of Fantasy vs. Sci-Fi - Extra Credits,https://www.youtube.com/watch?v=zQg9oJ7paS8,false,true,
JnP2boSC-FM,Why Are There No Good Video Game Movies? - Extra Credits,https://www.youtube.com/watch?v=JnP2boSC-FM,false,true,
9iUfVT0pgDI,What to Look for in 2016 - Industry Developments to Watch - Extra Credits,https://www.youtube.com/watch?v=9iUfVT0pgDI,false,true,
PBtXyv0Q1Eg,Free to Play Laws - Can We Stop Predatory Practices? - Extra Credits,https://www.youtube.com/watch?v=PBtXyv0Q1Eg,false,true,
QBaOpfSL2YQ,Still Skeptical of V.R. - Five Challenges for Virtual Reality - Extra Credits,https://www.youtube.com/watch?v=QBaOpfSL2YQ,false,true,
ghrI2Vb8u2U,Information Density - How Mr. Robot Does a Lot with a Little - Extra Credits,https://www.youtube.com/watch?v=ghrI2Vb8u2U,false,true,
0RzIDj0FGH0,Game Writing Pitfalls - Lost Opportunities in Games - Extra Credits,https://www.youtube.com/watch?v=0RzIDj0FGH0,false,true,
lHcTKWiZ8sI,Propaganda Games: Sesame Credit - The True Danger of Gamification - Extra Credits,https://www.youtube.com/watch?v=lHcTKWiZ8sI,true,true,
qUFumkkRadI,Games You Might Not Have Tried: Winter 2015 - Find New Games - Extra Credits,https://www.youtube.com/watch?v=qUFumkkRadI,false,true,
60bCAqCmBqk,Where Does Your Console Come From? - Supply Chains - Extra Credits,https://www.youtube.com/watch?v=60bCAqCmBqk,false,true,
yu78b9k0beQ,The Antihero - Can Games Create Antiheroes? - Extra Credits,https://www.youtube.com/watch?v=yu78b9k0beQ,false,true,
GiOA_CS25Kw,More Ways to Use Randomness - What is the Goal of RNG? - Extra Credits,https://www.youtube.com/watch?v=GiOA_CS25Kw,false,true,
0V5eq4IQ6Go,The Delta of Randomness - Can You Balance for RNG? - Extra Credits,https://www.youtube.com/watch?v=0V5eq4IQ6Go,false,true,
DfhPNsQtaXo,Destiny is Gaming's Law & Order - Video Game Comfort Food - Extra Credits,https://www.youtube.com/watch?v=DfhPNsQtaXo,false,true,
weTznlEkzfk,Places of Horror - The Secrets of Scary Settings - Extra Credits,https://www.youtube.com/watch?v=weTznlEkzfk,false,true,
1drDuaQXm_U,Balancing an MMO Ecosystem - Getting a Mix of Player Types - Extra Credits,https://www.youtube.com/watch?v=1drDuaQXm_U,false,true,
yxpW2ltDNow,Bartle's Taxonomy - What Type of Player are You? - Extra Credits,https://www.youtube.com/watch?v=yxpW2ltDNow,false,true,
1ZnjwdStzUc,Future Proofing Your Design - Looking at Hearthstone and Planning Ahead - Extra Credits,https://www.youtube.com/watch?v=1ZnjwdStzUc,false,true,
M3b3hDvRjJA,Power Creep in Hearthstone - What It Teaches Us About Games - Extra Credits,https://www.youtube.com/watch?v=M3b3hDvRjJA,false,true,
zL5kOyHWI_E,Frame Rate - How Does Frame Rate Affect Gameplay? - Extra Credits,https://www.youtube.com/watch?v=zL5kOyHWI_E,false,true,
A6PUReOuHVw,Romantic Dilemmas - How Witcher 3 Builds Character through Choice - Extra Credits,https://www.youtube.com/watch?v=A6PUReOuHVw,false,true,
hICY79NlJNM,Fallout Shelter - How a Casual Game Won Over Hardcore Players - Extra Credits,https://www.youtube.com/watch?v=hICY79NlJNM,false,true,
0GJcIlJJW4Q,Puzzle Break - Teamwork and Escape the Room Games - Extra Credits,https://www.youtube.com/watch?v=0GJcIlJJW4Q,false,true,
S5camMoNw-o,Progression Systems - How Good Games Avoid Skinner Boxes - Extra Credits,https://www.youtube.com/watch?v=S5camMoNw-o,false,true,
B8KHClEGGM8,Returning to WWII - Four New Approaches to War Games - Extra Credits,https://www.youtube.com/watch?v=B8KHClEGGM8,false,true,
xZdiPdn-JWY,A Generation of Remasters - Welcome Updates or Troubling Omens? - Extra Credits,https://www.youtube.com/watch?v=xZdiPdn-JWY,false,true,
pm8KdLPOm2c,Speedrunning - Games Done Quick and Developer Tips - Extra Credits,https://www.youtube.com/watch?v=pm8KdLPOm2c,false,true,
TgbuWfGeG2o,Procedural Generation - How Games Create Infinite Worlds - Extra Credits,https://www.youtube.com/watch?v=TgbuWfGeG2o,false,true,
XUWFH17Q3Aw,The New Future of Japan - The Auteur Movement - Extra Credits,https://www.youtube.com/watch?v=XUWFH17Q3Aw,false,true,
XkIKbTiuJ9A,The Witcher III: Wild Hunt - Best Detective Game Ever Made - Extra Credits,https://www.youtube.com/watch?v=XkIKbTiuJ9A,false,true,
ggDB6eSyQf8,Advanced Social Curve Design - Empowering the Community - Extra Credits,https://www.youtube.com/watch?v=ggDB6eSyQf8,false,true,
chFBWY7a9GI,Intermediate Social Curve Design - Introducing Cooperation Rewards - Extra Credits,https://www.youtube.com/watch?v=chFBWY7a9GI,false,true,
QuG7mIpVFc0,Social Difficulty Curve - Easing Players into Communication - Extra Credits,https://www.youtube.com/watch?v=QuG7mIpVFc0,false,true,
FE7lDFAcb4Y,Exploration in Games - Four Ways Players Discover Joy - Extra Credits,https://www.youtube.com/watch?v=FE7lDFAcb4Y,false,true,
TyyE8c27-9Y,Force-of-Nature Villains - Giving a Face to Pure Evil - Extra Credits,https://www.youtube.com/watch?v=TyyE8c27-9Y,false,true,
eh1zfdUTqBY,Rust - Representing Race in Games - Extra Credits,https://www.youtube.com/watch?v=eh1zfdUTqBY,false,true,
Bc7Onhy-WQg,Paid Mods - Should Game Mods be Sold? - Extra Credits,https://www.youtube.com/watch?v=Bc7Onhy-WQg,false,true,
s6xQlnzffRg,Hatred - Crossing the Line from Violence to Sadism - Extra Credits,https://www.youtube.com/watch?v=s6xQlnzffRg,false,true,
3IyPc5nw0Wk,On Classical Heroes - The Power of Failure - Extra Credits,https://www.youtube.com/watch?v=3IyPc5nw0Wk,false,true,
PeTjr4q_grE,Understanding Your Player: Play Sessions - How Will People Play Your Game? - Extra Credits,https://www.youtube.com/watch?v=PeTjr4q_grE,false,true,
GqjkWec61gQ,Exit Points - Putting Down the Game - Extra Credits,https://www.youtube.com/watch?v=GqjkWec61gQ,false,true,
GArkyxP8-n0,Humane Design - Games Must Be Good to Their Players - Extra Credits,https://www.youtube.com/watch?v=GArkyxP8-n0,false,true,
wyWiGL3Ampg,Romance in Games - Can We Play with Lasting Relationships? - Extra Credits,https://www.youtube.com/watch?v=wyWiGL3Ampg,false,true,
lyFSbm79uBY,Awesome Per Second - Don't Waste Time - Extra Credits,https://www.youtube.com/watch?v=lyFSbm79uBY,false,true,
auDqJuVE7Xc,Four Realistic Predictions - What the Future Holds for Games - Extra Credits,https://www.youtube.com/watch?v=auDqJuVE7Xc,false,true,
SQhxtfKH1f8,Asymmetric Play - Can One Game Cater to Many Playstyles? - Extra Credits,https://www.youtube.com/watch?v=SQhxtfKH1f8,false,true,
UBtYHKhvbyc,Games You Might Not Have Tried #7 - Find New Games - Extra Credits,https://www.youtube.com/watch?v=UBtYHKhvbyc,false,true,
WFahFE3cWLc,The Fantastic - How to Make Compelling Games Set in the Real World - Extra Credits,https://www.youtube.com/watch?v=WFahFE3cWLc,false,true,
aJCEQaSlvHE,What Makes Us Roleplay? - Why Game Worlds Feel Real - Extra Credits,https://www.youtube.com/watch?v=aJCEQaSlvHE,true,true,
ERR1F-zoTVg,No Gendered Mechanics - How Genre Stereotypes Limit Games and Players - Extra Credits,https://www.youtube.com/watch?v=ERR1F-zoTVg,false,true,
fftjo1CepQE,A Question of Empathy - Are There Positive Effects from Gaming? - Extra Credits,https://www.youtube.com/watch?v=fftjo1CepQE,false,true,
qxsEimJ_3bM,Making Your First Game: Launching! - How to Market Your Game - Extra Credits,https://www.youtube.com/watch?v=qxsEimJ_3bM,false,true,
UvCri1tqIxQ,Making Your First Game: Minimum Viable Product - Scope Small Start Right - Extra Credits,https://www.youtube.com/watch?v=UvCri1tqIxQ,true,true,
dHMNeNapL1E,Making Your First Game: Practical Rules - Setting (and Keeping) Goals - Extra Credits,https://www.youtube.com/watch?v=dHMNeNapL1E,false,true,
z06QR-tz1_o,Making Your First Game: Basics - How To Start Your Game Development - Extra Credits,https://www.youtube.com/watch?v=z06QR-tz1_o,true,true,
PzLYKY1nPsY,Snakes and Ladders - How the Meaning of an Ancient Children's Game Adapted Over Time - Extra Credits,https://www.youtube.com/watch?v=PzLYKY1nPsY,false,true,
YQ44hVeVdEw,Mechanics and Tone - How Does Gameplay Relate to Story? - Extra Credits,https://www.youtube.com/watch?v=YQ44hVeVdEw,false,true,
DYyzKbXebsE,Global Games: Norway - The Challenges of Norwegian Game Companies - Extra Credits,https://www.youtube.com/watch?v=DYyzKbXebsE,false,true,
g-LziX2HynI,Idle Games - How Games Scratch Your Multitasking Itch - Extra Credits,https://www.youtube.com/watch?v=g-LziX2HynI,true,true,
MM2dDF4B9a4,The True Genius of Dark Souls II - How to Approach Game Difficulty - Extra Credits,https://www.youtube.com/watch?v=MM2dDF4B9a4,false,true,
dU70hOX5_X8,Interactive Video - How Cloud Chamber Makes a Game out of Movies - Extra Credits,https://www.youtube.com/watch?v=dU70hOX5_X8,false,true,
hoV3_gEvqA0,Video Game Rating Systems - A Better Approach to Content Ratings - Extra Credits,https://www.youtube.com/watch?v=hoV3_gEvqA0,false,true,
OyiAR2BXtKU,Shiver with Anticipation - How Horror Games Create Tension Cycles - Extra Credits,https://www.youtube.com/watch?v=OyiAR2BXtKU,false,true,
vSKtTBjSBg0,Horror That Lingers - How the Uncanny Instills Fear - Extra Credits,https://www.youtube.com/watch?v=vSKtTBjSBg0,false,true,
s9xkfPLJWf0,Plan Practice Improvise - Understanding the Three Types of Play in Games - Extra Credits,https://www.youtube.com/watch?v=s9xkfPLJWf0,false,true,
7lPUlN0dnKk,Digging Deeper - Do Games Have Less Value than Other Media? - Extra Credits,https://www.youtube.com/watch?v=7lPUlN0dnKk,false,true,
NyDx5nG7koA,Big Bad - II: What Makes a Good Villain? - Extra Credits,https://www.youtube.com/watch?v=NyDx5nG7koA,false,true,
n4L2vPVZFR8,Big Bad - I: The Basics of Villains in Video Game Design - Extra Credits,https://www.youtube.com/watch?v=n4L2vPVZFR8,false,true,
E7lD97BxMN0,Shovelware - The Causes and Consequences of Bad Licensed Games - Extra Credits,https://www.youtube.com/watch?v=E7lD97BxMN0,false,true,
W39TtF14i8I,MMO Economies - How to Manage Inflation in Virtual Economies - Extra Credits,https://www.youtube.com/watch?v=W39TtF14i8I,false,true,
l8yl09GcI48,Historical Games - Why Mechanics Must Be Both Good and Accurate - Extra Credits,https://www.youtube.com/watch?v=l8yl09GcI48,false,true,
FwI0u9L4R8U,Free to Play Is Currently Broken - How High Costs Drive Players Away from F2P Games - Extra Credits,https://www.youtube.com/watch?v=FwI0u9L4R8U,false,true,
TRHdIScOMWQ,First Move Advantage - How to Balance Turn-Based Games - Extra Credits,https://www.youtube.com/watch?v=TRHdIScOMWQ,false,true,
o8auTY2HP6I,Games You Might Not Have Tried: Humble Bundle - Find New Games - Extra Credits,https://www.youtube.com/watch?v=o8auTY2HP6I,false,true,
-9ZI9kMsvRQ,Randomness in Esports - How Chance Affects Competitive Play - Extra Credits,https://www.youtube.com/watch?v=-9ZI9kMsvRQ,false,true,
ZfUfUc9fANc,Too Many Games - Why Can't You Find the Games You Want? - Extra Credits,https://www.youtube.com/watch?v=ZfUfUc9fANc,false,true,
uKmNzujz-Aw,Episode 200! - How Far Have Games Come Since 2008? - Extra Credits,https://www.youtube.com/watch?v=uKmNzujz-Aw,false,true,
7iklM_djBeY,Choices vs Consequences - What Player Decisions Mean in Games - Extra Credits,https://www.youtube.com/watch?v=7iklM_djBeY,false,true,
udF7XX_vTUE,Open World Design - How to Build Open World Games - Extra Credits,https://www.youtube.com/watch?v=udF7XX_vTUE,false,true,
ptk93AyICH0,The Waiting Game - Why Weird Games Become Cult Hits - Extra Credits,https://www.youtube.com/watch?v=ptk93AyICH0,false,true,
CmLz00L6CmY,Early Access - The Problem with Unfinished Games - Extra Credits,https://www.youtube.com/watch?v=CmLz00L6CmY,false,true,
REaUzHef9h4,Why the Vita Failed - PlayStation's Lost Gamble - Extra Credits,https://www.youtube.com/watch?v=REaUzHef9h4,false,true,
n_xG1Yg_QoM,The Fighting Game Problem - How to Teach Complicated Mechanics - Extra Credits,https://www.youtube.com/watch?v=n_xG1Yg_QoM,false,true,
gk8ZknjYmek,Roguelike Returns - How to Revive a Genre - Extra Credits,https://www.youtube.com/watch?v=gk8ZknjYmek,false,true,
0K8G6BFg1Wk,How Minecraft Changes the Future of Games - Minecraft Generation - Extra Credits,https://www.youtube.com/watch?v=0K8G6BFg1Wk,false,true,
7DyRxlvM9VM,Why Games Do Cthulhu Wrong - The Problem with Horror Games - Extra Credits,https://www.youtube.com/watch?v=7DyRxlvM9VM,false,true,
T39kYzzv_3Q,Education: Agency - How Games Empower Us - Extra Credits,https://www.youtube.com/watch?v=T39kYzzv_3Q,false,true,
0hoeAmqwvyY,Education: 21st Century Skills - How Games Prepare You for Life - Extra Credits,https://www.youtube.com/watch?v=0hoeAmqwvyY,false,true,
pzmdx7ZL8OM,Education: Responsive Learning - How Games Help Teachers - Extra Credits,https://www.youtube.com/watch?v=pzmdx7ZL8OM,false,true,
JWyPLNi8rD8,Education: An End to Fear - Why Students Hate Homework - Extra Credits,https://www.youtube.com/watch?v=JWyPLNi8rD8,false,true,
Sz4WXVNq7v8,Candy Crush's Success - Why People Can't Get Enough Candy Crush - Extra Credits,https://www.youtube.com/watch?v=Sz4WXVNq7v8,false,true,
Dh_kdu8LnvE,Comedic Games - Can We Make More Funny Games? - Extra Credits,https://www.youtube.com/watch?v=Dh_kdu8LnvE,false,true,
Mhz9OXy86a0,Doing Free to Play Wrong - How Bad Monetization Harms F2P Games - Extra Credits,https://www.youtube.com/watch?v=Mhz9OXy86a0,false,true,
wQtiIazfoQM,Net Neutrality - What a Closed Internet Means - Extra Credits,https://www.youtube.com/watch?v=wQtiIazfoQM,false,true,
NdFw8kvHAY8,Designing for Youth - Making Games for Players Under 14 - Extra Credits,https://www.youtube.com/watch?v=NdFw8kvHAY8,false,true,
yGkpoYxSep8,Collectible Games - III: What Makes a Good TCG or CCG? - Extra Credits,https://www.youtube.com/watch?v=yGkpoYxSep8,false,true,
XoO607-j1DQ,Games You Might Not Have Tried: Cyberpunk - Find New Games - Extra Credits,https://www.youtube.com/watch?v=XoO607-j1DQ,false,true,
ur6GQp5mCYs,Quest Design - II: How to Create Interesting MMO and RPG Quests - Extra Credits,https://www.youtube.com/watch?v=ur6GQp5mCYs,false,true,
otAkP5VjIv8,Quest Design - I: Why Many MMOs Rely on Repetitive Grind Quests - Extra Credits,https://www.youtube.com/watch?v=otAkP5VjIv8,false,true,
CvimYs7tnRM,Simulation Sickness - Causes and Cures for Game Headaches - Extra Credits,https://www.youtube.com/watch?v=CvimYs7tnRM,false,true,
eXNpLX0Xu0k,Growing with Our Heroes - Why Childhood Favorites Get Dark Reboots - Extra Credits,https://www.youtube.com/watch?v=eXNpLX0Xu0k,false,true,
rDjrOaoHz9s,Fail Faster - A Mantra for Creative Thinkers - Extra Credits,https://www.youtube.com/watch?v=rDjrOaoHz9s,true,true,
QCSXEKHL6fc,Affordances - How Design Teaches Us Without Words - Extra Credits,https://www.youtube.com/watch?v=QCSXEKHL6fc,false,true,
qZ-EY9gTsgU,The Magic Circle - How Games Transport Us to New Worlds - Extra Credits,https://www.youtube.com/watch?v=qZ-EY9gTsgU,false,true,
BV4ftjbLjZg,Games You Might Not Have Tried: Digital Collectable Games - Find New Games - Extra Credits,https://www.youtube.com/watch?v=BV4ftjbLjZg,false,true,
183_K4KfrP0,The Good We Do - Charity in the Gaming Community - Extra Credits,https://www.youtube.com/watch?v=183_K4KfrP0,false,true,
0X2es__Wtuk,Incentive Systems and Politics III - Breaking the Gridlock in US Government - Extra Credits,https://www.youtube.com/watch?v=0X2es__Wtuk,false,true,
Mu5QZmPG8zk,Incentive Systems and Politics II - Limiting Corporate Influence on Policy - Extra Credits,https://www.youtube.com/watch?v=Mu5QZmPG8zk,false,true,
Xa-vQ0L77LY,Incentive Systems and Politics I - Making Congress Responsible for Their Decisions - Extra Credits,https://www.youtube.com/watch?v=Xa-vQ0L77LY,false,true,
blj91KLOvZQ,What Is a Game? - How This Question Limits Our Medium - Extra Credits,https://www.youtube.com/watch?v=blj91KLOvZQ,false,true,
q9sHIQaFVC8,Community Management - The Unsung Heroes of the Game Industry - Extra Credits,https://www.youtube.com/watch?v=q9sHIQaFVC8,false,true,
dBIX_A1l1bM,Collectible Games - II: Monetizing Our Collecting Urges - Extra Credits,https://www.youtube.com/watch?v=dBIX_A1l1bM,false,true,
yIlrJLIyiWk,Collectible Games - I: How Can We Make Good CCGs? - Extra Credits,https://www.youtube.com/watch?v=yIlrJLIyiWk,false,true,
JFM9MoqQb3M,Games You REALLY Might Not Have Tried: Horror Games - Find New Games - Extra Credits,https://www.youtube.com/watch?v=JFM9MoqQb3M,false,true,
pKzJWoZWMOI,Spectacle Creep - When Sequels Try Too Hard - Extra Credits,https://www.youtube.com/watch?v=pKzJWoZWMOI,false,true,
kj7cqLwurtE,Competitive Storytelling - How to Create Narrative in Multiplayer Games - Extra Credits,https://www.youtube.com/watch?v=kj7cqLwurtE,false,true,
KV8AM1ciS4I,Overlooked - The Hidden Potential of Hidden Object Games - Extra Credits,https://www.youtube.com/watch?v=KV8AM1ciS4I,false,true,
hnxVOUSzX4A,Negative Possibility Space - When Exploration Lets Players Down - Extra Credits,https://www.youtube.com/watch?v=hnxVOUSzX4A,false,true,
j0RFoGvkQfs,How Much Agency Do Games Need? - Choices in Linear Games - Extra Credits,https://www.youtube.com/watch?v=j0RFoGvkQfs,false,true,
45PdtGDGhac,The Illusion of Choice - How Games Balance Freedom and Scope - Extra Credits,https://www.youtube.com/watch?v=45PdtGDGhac,false,true,
6Q7ECX5FaX0,The Feeling of Agency - What Makes Choice Meaningful? - Extra Credits,https://www.youtube.com/watch?v=6Q7ECX5FaX0,false,true,
9LdDYswsROg,Games You Might Not Have Tried #6 - Find New Games - Extra Credits,https://www.youtube.com/watch?v=9LdDYswsROg,false,true,
QKnNO5pxRGQ,Myers Briggs and Character Creation - Psychology in Game Design - Extra Credits,https://www.youtube.com/watch?v=QKnNO5pxRGQ,false,true,
9VONeNVPaNs,A Case for Board Games - Why Board Games Help You Make Better Video Games - Extra Credits,https://www.youtube.com/watch?v=9VONeNVPaNs,false,true,
1HTS2nxpRqM,Games in Education - How Games Can Improve Our Schools - Extra Credits,https://www.youtube.com/watch?v=1HTS2nxpRqM,false,true,
7wX6W3k2wLQ,So You Want To Be an Indie - How to Start an Indie Game Studio - Extra Credits,https://www.youtube.com/watch?v=7wX6W3k2wLQ,false,true,
w9n2JehjQ7I,Game Addiction - III: Why Does Game Compulsion Exist? - Extra Credits,https://www.youtube.com/watch?v=w9n2JehjQ7I,false,true,
diq2zNi04Pw,A Little Bit of Yesterday - Why We Love Retro Games So Much - Extra Credits,https://www.youtube.com/watch?v=diq2zNi04Pw,false,true,
NBHircZu5EI,Designing for a Touch Screen - What Games Play Best on Mobile - Extra Credits,https://www.youtube.com/watch?v=NBHircZu5EI,false,true,
xnGsbJaM7GU,Used Games - Ownership in the Digital Age - Extra Credits,https://www.youtube.com/watch?v=xnGsbJaM7GU,false,true,
wmKj_wnhN9g,Not a Babysitter - Why Parents Should Play Games with their Kids - Extra Credits,https://www.youtube.com/watch?v=wmKj_wnhN9g,false,true,
ea6UuRTjkKs,When Difficult Is Fun - Challenging vs. Punishing Games - Extra Credits,https://www.youtube.com/watch?v=ea6UuRTjkKs,false,true,
EzkS0mt3B50,In Service to the Brand - Why Bioshock Infinite Failed - Extra Credits,https://www.youtube.com/watch?v=EzkS0mt3B50,false,true,
AW0o2PmmRXw,Moving Forward - Games That Do Good - Extra Credits,https://www.youtube.com/watch?v=AW0o2PmmRXw,false,true,
EDEgXUqHL9Q,Dansky - How to Explore Sensitive Themes Tastefully - Extra Credits,https://www.youtube.com/watch?v=EDEgXUqHL9Q,false,true,
n9A8VJBh_Yc,Toxicity - Why Players Rage and How to Defuse It - Extra Credits,https://www.youtube.com/watch?v=n9A8VJBh_Yc,false,true,
QxfkWZPAUg4,The J.C. Penney's Effect - Designing Fair vs Feels Good Systems - Extra Credits,https://www.youtube.com/watch?v=QxfkWZPAUg4,false,true,
OrCg2J_-8sw,Global Games: Mexico Argentina & Chile - The Future of Game Design in Latin America - Extra Credits,https://www.youtube.com/watch?v=OrCg2J_-8sw,false,true,
UC22ZF21Llk,Like a Ninja - What Makes a Good Stealth Game - Extra Credits,https://www.youtube.com/watch?v=UC22ZF21Llk,false,true,
iQnWuIGq2CM,Games You Might Not Have Tried #5 - Find New Games - Extra Credits,https://www.youtube.com/watch?v=iQnWuIGq2CM,false,true,
suf0Jdt2Hpo,Minority - Race and Relationships in The Walking Dead - Extra Credits,https://www.youtube.com/watch?v=suf0Jdt2Hpo,false,true,
emeCepFW9v0,For Whom the Bell Tolls - The True Cost of Survival in The Walking Dead - Extra Credits,https://www.youtube.com/watch?v=emeCepFW9v0,false,true,
qizgjT4UXa4,Raising the Dead - How Telltale's Walking Dead Revived Adventure Games - Extra Credits,https://www.youtube.com/watch?v=qizgjT4UXa4,false,true,
TlBR1z-ue-I,Differences in Scale vs Differences in Kind - Keeping Players Interested - Extra Credits,https://www.youtube.com/watch?v=TlBR1z-ue-I,false,true,
Y5Wp6T6XR90,Why Console Specs Don't Matter - Measuring a Console's True Popularity - Extra Credits,https://www.youtube.com/watch?v=Y5Wp6T6XR90,false,true,
h86g-XgUCA8,Intrinsic vs Extrinsic - Designing Good Rewards in Games - Extra Credits,https://www.youtube.com/watch?v=h86g-XgUCA8,false,true,
5j1PXhkXJ2A,Word Choice - How to Handle Exposition in Games - Extra Credits,https://www.youtube.com/watch?v=5j1PXhkXJ2A,false,true,
TEERJ1a2rsU,More Than Exposition - Building Worlds without Info Dumps - Extra Credits,https://www.youtube.com/watch?v=TEERJ1a2rsU,false,true,
RF4D4k2AVLA,Funding XCOM - II: Understanding Civilization Growth - Extra Credits,https://www.youtube.com/watch?v=RF4D4k2AVLA,false,true,
Gm_tN6wHEaI,Funding XCOM - I: Analyzing the Drake Equation - Extra Credits,https://www.youtube.com/watch?v=Gm_tN6wHEaI,false,true,
KnOjSL2RLwA,Global Games: Brazil - How to Kickstart a Thriving Game Industry - Extra Credits,https://www.youtube.com/watch?v=KnOjSL2RLwA,false,true,
4mHCG4zbCPM,The Beast Macabre - What Makes a Monster Scary? - Extra Credits,https://www.youtube.com/watch?v=4mHCG4zbCPM,false,true,
22HoViH4vOU,How To Start Your Game Narrative - Design Mechanics First - Extra Credits,https://www.youtube.com/watch?v=22HoViH4vOU,false,true,
jVL4st0blGU,Depth vs Complexity - Why More Features Don't Make a Better Game - Extra Credits,https://www.youtube.com/watch?v=jVL4st0blGU,false,true,
h2Vx9qoLzFs,God Does Not Play Dice - The Danger of Unquestioned Belief - Extra Credits,https://www.youtube.com/watch?v=h2Vx9qoLzFs,false,true,
GRNhNHXbUmk,Religion in Games - II: How Games Can Explore Faith - Extra Credits,https://www.youtube.com/watch?v=GRNhNHXbUmk,false,true,
dBVb2WECSLw,Religion in Games - I: Mechanics Lore and Heart - Extra Credits,https://www.youtube.com/watch?v=dBVb2WECSLw,false,false,
EitZRLt2G3w,Balancing for Skill - The Link from Optimal Power to Strategy - Extra Credits,https://www.youtube.com/watch?v=EitZRLt2G3w,false,false,
WOQwakqWs7k,Combining Genres - How to Pick the Right Design Mechanics For Your Game - Extra Credits,https://www.youtube.com/watch?v=WOQwakqWs7k,false,false,
BRBcjsOt0_g,Counter Play - Making Multiplayer Fun for the Opponent - Extra Credits,https://www.youtube.com/watch?v=BRBcjsOt0_g,false,false,
cPaij2G3wTQ,My Name Is Ozymandias... - How to Archive Games for Future Generations - Extra Credits,https://www.youtube.com/watch?v=cPaij2G3wTQ,false,false,
lawxkSB13J8,Horror Protagonists - How Ordinary Characters Make Scarier Games - Extra Credits,https://www.youtube.com/watch?v=lawxkSB13J8,false,false,
7QM6LoaqEnY,Demo Daze - Why Don't Creators Make Game Demos Anymore? - Extra Credits,https://www.youtube.com/watch?v=7QM6LoaqEnY,false,false,
uepAJ-rqJKA,Aesthetics of Play - Redefining Genres in Gaming - Extra Credits,https://www.youtube.com/watch?v=uepAJ-rqJKA,false,false,
HgzpgOJ2ubI,Beyond Fun - Why Games Need to Be More than Fun - Extra Credits,https://www.youtube.com/watch?v=HgzpgOJ2ubI,false,false,
TsKlDUd_uTs,Mailbag #5 - Questions About the Game Industry - Extra Credits,https://www.youtube.com/watch?v=TsKlDUd_uTs,false,false,
jfcAMmK0kig,Digital Rentals and the Online Arcade - How Will We Buy Games in the Future? - Extra Credits,https://www.youtube.com/watch?v=jfcAMmK0kig,false,false,
EFU4tjMndi4,Starting Off Right - How the First Five Minutes Draw Players In - Extra Credits,https://www.youtube.com/watch?v=EFU4tjMndi4,false,false,
hQtFo_E_Ea0,Energy Systems - How Casual Games Suck You In - Extra Credits,https://www.youtube.com/watch?v=hQtFo_E_Ea0,false,false,
nmdGZk-fF98,On Game Schools - How to Find a Good Degree - Extra Credits,https://www.youtube.com/watch?v=nmdGZk-fF98,false,false,
cJZIhcCA2lk,Spec Ops: The Line - II: What Does It Mean to be a Hero? - Extra Credits,https://www.youtube.com/watch?v=cJZIhcCA2lk,false,false,
kjaBsuXWJJ8,Spec Ops: The Line - I: How to Restart a Franchise - Extra Credits,https://www.youtube.com/watch?v=kjaBsuXWJJ8,false,false,
pP_qNm-96Dc,Mechanics as Metaphor - II: Creating Narrative Depth - Extra Credits,https://www.youtube.com/watch?v=pP_qNm-96Dc,false,false,
4QwcI4iQt2Y,Mechanics as Metaphor - I: How Gameplay Itself Tells a Story - Extra Credits,https://www.youtube.com/watch?v=4QwcI4iQt2Y,false,false,
aKSFPRaJpzA,Digital Resale - Can You Borrow a Friend's Steam Games? - Extra Credits,https://www.youtube.com/watch?v=aKSFPRaJpzA,false,false,
wvqE240pmm0,Games You Might Not Have Tried: 16-bit - Find New Games - Extra Credits,https://www.youtube.com/watch?v=wvqE240pmm0,false,false,
e31OSVZF77w,Perfect Imbalance - Why Unbalanced Design Creates Balanced Play - Extra Credits,https://www.youtube.com/watch?v=e31OSVZF77w,false,false,
QVqT8s7bOTQ,The Hero's Journey - II: Analyzing Journey's Mechanics as Metaphors - Extra Credits,https://www.youtube.com/watch?v=QVqT8s7bOTQ,false,false,
SWKKRbw-e4U,The Hero's Journey - I: How Journey Crafts a Compelling Narrative - Extra Credits,https://www.youtube.com/watch?v=SWKKRbw-e4U,false,false,
Bxszx60ZwGw,Power Creep - The Trouble with Expansions and Time - Extra Credits,https://www.youtube.com/watch?v=Bxszx60ZwGw,false,false,
PgQtkMd-WTk,Games You Might Not Have Tried #4 - Find New Games - Extra Credits,https://www.youtube.com/watch?v=PgQtkMd-WTk,false,false,
Jgi96F6VwaM,Politics - How to Make Your Voice Heard - Extra Credits,https://www.youtube.com/watch?v=Jgi96F6VwaM,false,false,
lzU8wM_S2Ks,Hard-Boiled - Why Are There So Many Gritty Video Games? - Extra Credits,https://www.youtube.com/watch?v=lzU8wM_S2Ks,false,false,
GuqmKg6QQTw,Spectrum Crunch - The Implications of Limited Bandwidth in 2012 - Extra Credits,https://www.youtube.com/watch?v=GuqmKg6QQTw,false,false,
4Whf_mC18Xc,EC Fund Update - Indie Game Publishing - Extra Credits,https://www.youtube.com/watch?v=4Whf_mC18Xc,false,false,
GS5ZEdGujxY,ARGs - II: What are Augmented Reality Games? - Extra Credits,https://www.youtube.com/watch?v=GS5ZEdGujxY,false,false,
tiU4AYPdIOw,ARGs - I: What Are Alternate Reality Games? - Extra Credits,https://www.youtube.com/watch?v=tiU4AYPdIOw,false,false,
Dt9GwmOWoqo,Harassment - Why Gaming Struggles to Escape Toxicity - Extra Credits,https://www.youtube.com/watch?v=Dt9GwmOWoqo,false,false,
l0ljzAi5DuA,Crowdfunding - How Kickstarter Helps Games Innovate - Extra Credits,https://www.youtube.com/watch?v=l0ljzAi5DuA,false,false,
ijcezUy3ZzY,Kinect Disconnect - How NOT to Do Motion Control - Extra Credits,https://www.youtube.com/watch?v=ijcezUy3ZzY,false,false,
l8FVoqv0Z14,Games You Might Not Have Tried #3 - Find New Games - Extra Credits,https://www.youtube.com/watch?v=l8FVoqv0Z14,false,false,
uiYuBrApdyY,Cross-Media Worlds - Connecting Across Games Film Books and More - Extra Credits,https://www.youtube.com/watch?v=uiYuBrApdyY,false,false,
g0TT_SGL-oc,Mass Effect 3 DLC - Can Day 1 DLC be a Good Thing? - Extra Credits,https://www.youtube.com/watch?v=g0TT_SGL-oc,false,false,
Cmkdoz5LjdE,Western & Japanese RPGs - III: Why Are Western RPGs More Popular? - Extra Credits,https://www.youtube.com/watch?v=Cmkdoz5LjdE,false,false,
v8aiEsIW9IM,Western & Japanese RPGs - II: Narrative vs. Expression - Extra Credits,https://www.youtube.com/watch?v=v8aiEsIW9IM,false,false,
l_rvM6hubs8,Western RPGs vs Japanese RPGs - I: What Makes Them Different? - Extra Credits,https://www.youtube.com/watch?v=l_rvM6hubs8,false,false,
kqFcF_jRrx0,So You Want to Be a Developer - II: Understand Your Coworkers and Your Users - Extra Credits,https://www.youtube.com/watch?v=kqFcF_jRrx0,false,false,
WCuUWGmatpU,So You Want to Be a Developer - I: How to Think Algorithmically - Extra Credits,https://www.youtube.com/watch?v=WCuUWGmatpU,false,false,
Kp6t2pf4N6Q,Mailbag #4 - Questions About the Game Industry - Extra Credits,https://www.youtube.com/watch?v=Kp6t2pf4N6Q,false,false,
_gxhfQXGISM,Mailbag #3 - Questions About the Game Industry - Extra Credits,https://www.youtube.com/watch?v=_gxhfQXGISM,false,false,
8VZZ8-TGhfc,SOPA & PIPA - 2011 Legislation that Threatens Digital Freedoms - Extra Credits,https://www.youtube.com/watch?v=8VZZ8-TGhfc,false,false,
mpddXJJLhPY,Skyrim's Opening - How NOT to Start a Game - Extra Credits,https://www.youtube.com/watch?v=mpddXJJLhPY,false,false,
ZKD5eOIXY08,Puzzle Games - Analyzing the Design of Bejeweled - Extra Credits,https://www.youtube.com/watch?v=ZKD5eOIXY08,false,false,
on7endO4lPY,Playtesting - How to Get Good Feedback on Your Game - Extra Credits,https://www.youtube.com/watch?v=on7endO4lPY,false,false,
k_F-Wsvj1t0,Technobabble - Bad Writing Makes Bad Sci-Fi - Extra Credits,https://www.youtube.com/watch?v=k_F-Wsvj1t0,false,false,
6_BfYkqWHD8,The Singularity - When Technology Becomes Sentient - Extra Credits,https://www.youtube.com/watch?v=6_BfYkqWHD8,false,false,
NVvcJWU4fro,Deus Ex: Human Revolution - How Games Explore Hard Real World Questions - Extra Credits,https://www.youtube.com/watch?v=NVvcJWU4fro,false,false,
CHgZ2YQOgso,The Diablo III Marketplace - Economy Design in Games - Extra Credits,https://www.youtube.com/watch?v=CHgZ2YQOgso,false,false,
9K1Kd9mZL8g,The Uncanny Valley - Why More Realistic Characters Look Less Human - Extra Credits,https://www.youtube.com/watch?v=9K1Kd9mZL8g,false,false,
sHBOWPLpXrs,Working Conditions - The Deplorable Status Quo that Killed a Studio - Extra Credits,https://www.youtube.com/watch?v=sHBOWPLpXrs,false,false,
ohC10rUuuF4,Zombies - Why Are Zombie Games So Popular? - Extra Credits,https://www.youtube.com/watch?v=ohC10rUuuF4,false,false,
W0ci6rYOleM,Call of Juarez: The Cartel - How Lazy Design Hurts Everyone - Extra Credits,https://www.youtube.com/watch?v=W0ci6rYOleM,false,false,
UP4_bMhZ4gA,Propaganda Games - Ethical Game Design - Extra Credits,https://www.youtube.com/watch?v=UP4_bMhZ4gA,false,false,
WUkcz2taCiw,So You Want To Be a Producer - How to Lead a Development Team - Extra Credits,https://www.youtube.com/watch?v=WUkcz2taCiw,false,false,
YFc5yZwjQww,Games You Might Not Have Tried #2 - Find New Games - Extra Credits,https://www.youtube.com/watch?v=YFc5yZwjQww,false,false,
MKGDealc3eE,Pro Gaming - What Esports Needs to Grow - Extra Credits,https://www.youtube.com/watch?v=MKGDealc3eE,false,false,
sGXIR2dlktc,Cutscenes - A Powerful (and Misused) Narrative Design Tool - Extra Credits,https://www.youtube.com/watch?v=sGXIR2dlktc,false,false,
5LScL4CWe5E,Pacing - How Games Keep Things Exciting - Extra Credits,https://www.youtube.com/watch?v=5LScL4CWe5E,false,false,
Rl-k9fISB7o,Let's Talk About Publishing - EC Indie Fund - Extra Credits,https://www.youtube.com/watch?v=Rl-k9fISB7o,false,false,
V_qlumZ5K4I,Game Addiction - II: How to Defeat Game Compulsion - Extra Credits,https://www.youtube.com/watch?v=V_qlumZ5K4I,false,false,
Y5RSngCFpsc,Game Addiction - I: Myths About Gaming's Impact on Health - Extra Credits,https://www.youtube.com/watch?v=Y5RSngCFpsc,false,false,
SD5lqUqceVw,The MMORTS - Why Is It So Hard to Make an MMORTS? - Extra Credits,https://www.youtube.com/watch?v=SD5lqUqceVw,false,false,
fLKVg-2d54c,Art Is Not the Opposite of Fun - Why Analyzing Games Makes Them Better - Extra Credits,https://www.youtube.com/watch?v=fLKVg-2d54c,false,false,
ukADFPuscG8,The Pre-Production Problem - How to Improve the Planning Process in Game Design - Extra Credits,https://www.youtube.com/watch?v=ukADFPuscG8,false,false,
H_vz0N8_LRM,S.978 and Operation Rainfall - Major Industry Events in 2011 - Extra Credits,https://www.youtube.com/watch?v=H_vz0N8_LRM,false,false,
WXA559KNopI,Microtransactions - What Does Good Monetization Look Like? - Extra Credits,https://www.youtube.com/watch?v=WXA559KNopI,false,false,
qXQuannq308,Sharing Our Medium - How to Introduce Games to Your Friends - Extra Credits,https://www.youtube.com/watch?v=qXQuannq308,false,false,
0mbOSB7EQpM,Race in Games - Racial Tensions in LA Noire as Character Development - Extra Credits,https://www.youtube.com/watch?v=0mbOSB7EQpM,false,false,
bb3HQlFmfds,Game Reviews - How Can We Improve Game Journalism? - Extra Credits,https://www.youtube.com/watch?v=bb3HQlFmfds,false,false,
1XlfeXpiSuQ,The Role of the Player - The Player is Both Audience and Storyteller - Extra Credits,https://www.youtube.com/watch?v=1XlfeXpiSuQ,false,false,
0KoPQR7oq-s,Our Oscars - Why Games Deserve Better than the Spike Video Game Awards - Extra Credits,https://www.youtube.com/watch?v=0KoPQR7oq-s,false,false,
tDeOMq4RPxY,Anonymous - Who Really Hacked PlayStation Network in 2011? - Extra Credits,https://www.youtube.com/watch?v=tDeOMq4RPxY,false,false,
rgXf1clkN08,NOT a Security Episode - Trading Privacy for Service in the PSN Hack - Extra Credits,https://www.youtube.com/watch?v=rgXf1clkN08,false,false,
os3lWIuGsXE,The Myth of the Gun - Why America Loves FPS Games So Much - Extra Credits,https://www.youtube.com/watch?v=os3lWIuGsXE,false,false,
5oK8UTRgvJU,Graphics vs. Aesthetics - Why High Resolution Graphics Aren't Enough - Extra Credits,https://www.youtube.com/watch?v=5oK8UTRgvJU,false,false,
MuDLw1zIc94,Gamifying Education - How to Make Your Classroom Truly Engaging - Extra Credits,https://www.youtube.com/watch?v=MuDLw1zIc94,false,false,
RqFm1ei6mjo,Learning from Other M - Metroid and How NOT to Write a Character - Extra Credits,https://www.youtube.com/watch?v=RqFm1ei6mjo,false,false,
Kx7oRmFs9TQ,Games You Might Not Have Tried (or Heard Of) #1 - Find New Games - Extra Credits,https://www.youtube.com/watch?v=Kx7oRmFs9TQ,false,false,
eY-3VYoEkPY,Console Is the New Coin-Op - Monetizing Games in a Future Without Consoles - Extra Credits,https://www.youtube.com/watch?v=eY-3VYoEkPY,false,false,
nqGcXOksFGg,Metrics - The Danger of Data-Driven Game Design - Extra Credits,https://www.youtube.com/watch?v=nqGcXOksFGg,false,false,
1dLK9MW-9sY,Gamification - How the Principles of Play Apply to Real Life - Extra Credits,https://www.youtube.com/watch?v=1dLK9MW-9sY,false,false,
rlQrTHrwyxQ,Tangential Learning - How Games Can Teach Us While We Play - Extra Credits,https://www.youtube.com/watch?v=rlQrTHrwyxQ,false,false,
BCPcn-Q5nKE,Tutorials 101 - How to Design a Good Game Tutorial - Extra Credits,https://www.youtube.com/watch?v=BCPcn-Q5nKE,false,false,
Q1qndga6SNU,True Female Characters - How to Write Deep and Interesting Characters - Extra Credits,https://www.youtube.com/watch?v=Q1qndga6SNU,false,false,
dGJCTOsbqNI,Ludus Florentis - Embracing Change in the Games Industry - Extra Credits,https://www.youtube.com/watch?v=dGJCTOsbqNI,false,false,
Mh3FN3YCwYk,An Open Letter to EA Marketing - Why EA's Controversial Ads Harm the Industry - Extra Credits,https://www.youtube.com/watch?v=Mh3FN3YCwYk,false,false,
hFM4eIAou5M,Achievements - Creating a Meaningful Meta-Game - Extra Credits,https://www.youtube.com/watch?v=hFM4eIAou5M,false,false,
6op8eV5OBwE,Playing Like a Designer - II: How to Analyze Game Design - Extra Credits,https://www.youtube.com/watch?v=6op8eV5OBwE,false,false,
_HmtmoGwpZc,Playing Like a Designer - I: Examine Your Experiences - Extra Credits,https://www.youtube.com/watch?v=_HmtmoGwpZc,false,false,
bIQ6yWptvfA,Amnesia and Story Structure - Character Development in Fallout: New Vegas - Extra Credits,https://www.youtube.com/watch?v=bIQ6yWptvfA,false,false,
rfZv_lPwBFI,Piracy - How Can the Game Industry Stop Illegal Downloads? - Extra Credits,https://www.youtube.com/watch?v=rfZv_lPwBFI,false,false,
2QJVGtKPjNc,Non-Combat Gaming - How to Make Social Mechanics Fun - Extra Credits,https://www.youtube.com/watch?v=2QJVGtKPjNc,false,false,
DlXcVnTGCuM,Mailbag #2 - Questions About the Game Industry - Extra Credits,https://www.youtube.com/watch?v=DlXcVnTGCuM,false,false,
lg8fVtKyYxY,Choice and Conflict - What Does Choice Mean in Games? - Extra Credits,https://www.youtube.com/watch?v=lg8fVtKyYxY,false,false,
s1Yojrf8sJM,A Season of Hope - Child's Play Charity and the Games Community - Extra Credits,https://www.youtube.com/watch?v=s1Yojrf8sJM,false,false,
JQJA5YjvHDU,Narrative Mechanics - How Missile Command Tells a Story - Extra Credits,https://www.youtube.com/watch?v=JQJA5YjvHDU,false,false,
RUqivXMlpcQ,Sexual Diversity - How a Queer Character Made Persona 4 Great - Extra Credits,https://www.youtube.com/watch?v=RUqivXMlpcQ,false,false,
XP6gXZPVgD4,Sex in Games - How Games Need to Mature as a Medium - Extra Credits,https://www.youtube.com/watch?v=XP6gXZPVgD4,false,false,
tWtvrPTbQ_c,The Skinner Box - How Games Condition People to Play More - Extra Credits,https://www.youtube.com/watch?v=tWtvrPTbQ_c,false,false,
BWFzFsHc75U,Easy Games - What Happened to Hardcore Games? - Extra Credits,https://www.youtube.com/watch?v=BWFzFsHc75U,false,false,
zQvWMdWhFCc,So You Want To Be a Game Designer - Career Advice for Making Games - Extra Credits,https://www.youtube.com/watch?v=zQvWMdWhFCc,false,false,
LSm-UzWzO2E,Facing Controversy - How to Stand Up for Games as a Medium - Extra Credits,https://www.youtube.com/watch?v=LSm-UzWzO2E,false,false,
DmV7iugxqEw,Symbolism 101 - How Horror Games Instill Fear - Extra Credits,https://www.youtube.com/watch?v=DmV7iugxqEw,false,false,
TKJBix-2fOY,Mailbag #1 - Questions About the Game Industry - Extra Credits,https://www.youtube.com/watch?v=TKJBix-2fOY,false,false,
slJIiUTVXds,Diversity - Why Do Games Lack Diverse Characters? - Extra Credits,https://www.youtube.com/watch?v=slJIiUTVXds,false,false,
kQJJXx-Ks70,Kinect and Move - Can Motion Control Ever Succeed? - Extra Credits,https://www.youtube.com/watch?v=kQJJXx-Ks70,false,false,
SXm4EvQG5rg,Project Ten Dollar - EA Campaigns Against Used Games - Extra Credits,https://www.youtube.com/watch?v=SXm4EvQG5rg,false,false,
CKgHrz_Wv6o,Video Game Music - How to Create a Timeless Theme - Extra Credits,https://www.youtube.com/watch?v=CKgHrz_Wv6o,false,false,
8HXJLTtMIHU,Gamer - What's in a Name? - Extra Credits,https://www.youtube.com/watch?v=8HXJLTtMIHU,false,false,
_2Tp8JopdIc,Enriching Lives - What Mass Effect 2 Teaches Us about Morality - Extra Credits,https://www.youtube.com/watch?v=_2Tp8JopdIc,false,false,
RKdGBcYrdok,Free Speech - The Supreme Court Case Against Violent Video Games - Extra Credits,https://www.youtube.com/watch?v=RKdGBcYrdok,false,false,
BtgA6SaHHa0,No Redeeming Value - Why the God of War Sequels Failed at Storytelling - Extra Credits,https://www.youtube.com/watch?v=BtgA6SaHHa0,false,false,
CV95GPdRZtk,Where Did Survival Horror Go? - How Franchises Kill Mystery - Extra Credits,https://www.youtube.com/watch?v=CV95GPdRZtk,false,false,
w_skCXC9oVA,Innovation - How AAA and Indie Games Can Learn From Each Other - Extra Credits,https://www.youtube.com/watch?v=w_skCXC9oVA,false,false,
VJ56Kia8dTU,The Future of MMOs - Why Are There So Many WoW Clones? - Extra Credits,https://www.youtube.com/watch?v=VJ56Kia8dTU,false,false,
KG1ziCvLkJ0,Bad Writing - Why Most Games Tell Bad Stories - Extra Credits,https://www.youtube.com/watch?v=KG1ziCvLkJ0,false,false,
